"","BLUE_ID_2018_1","BLUE_ID_2019_1","BLUE_OR_2018_1","BLUE_OR_2019_1","BLUE_WA_2018_1","BLUE_WA_2019_1","BLUE_WA_2019_2"
"BLUE_ID_2018_1",0.303825550961363,0.0247953747874147,0.0156406563962822,0.0160484752603335,0.0405486295906212,0.00378536655647143,0.0136809486953188
"BLUE_ID_2019_1",0.0247953747874147,0.0635799893644693,0.00952748366793597,0.00977590595075323,0.0247001402238885,0.00230585067085198,0.00833373050043492
"BLUE_OR_2018_1",0.0156406563962822,0.00952748366793597,0.0396442815996645,0.00616653659196592,0.0155805834553433,0.00145450586462754,0.0052568277904264
"BLUE_OR_2019_1",0.0160484752603335,0.00977590595075323,0.00616653659196592,0.101931814012191,0.0159868359606745,0.00149243105871399,0.00539389579343646
"BLUE_WA_2018_1",0.0405486295906212,0.0247001402238885,0.0155805834553433,0.0159868359606745,0.119821570523415,0.00377082764609468,0.0136284026382903
"BLUE_WA_2019_1",0.00378536655647143,0.00230585067085198,0.00145450586462754,0.00149243105871399,0.00377082764609468,0.0571716148474475,0.00127226246820048
"BLUE_WA_2019_2",0.0136809486953188,0.00833373050043492,0.0052568277904264,0.00539389579343646,0.0136284026382903,0.00127226246820048,0.111895294749809
