"","BLUE_ID_2018_1","BLUE_ID_2019_1","BLUE_OR_2018_1","BLUE_OR_2019_1","BLUE_WA_2018_1","BLUE_WA_2019_1"
"BLUE_ID_2018_1",0.699937180430627,0.232585351402933,0.214225303491861,0.218912333519671,0.130566391950391,0.234512509265827
"BLUE_ID_2019_1",0.232585351402933,1.06552240086305,0.521642703192683,0.533055710777686,0.31793165668548,0.571042436499909
"BLUE_OR_2018_1",0.214225303491861,0.521642703192683,1.3561981723537,0.490976842396187,0.292834459402925,0.525964935143298
"BLUE_OR_2019_1",0.218912333519671,0.533055710777686,0.490976842396187,0.501718912384002,0.299241377176069,0.537472508732455
"BLUE_WA_2018_1",0.130566391950391,0.31793165668548,0.292834459402925,0.299241377176069,2.08256388055024,0.320565977756642
"BLUE_WA_2019_1",0.234512509265827,0.571042436499909,0.525964935143298,0.537472508732455,0.320565977756642,0.575773985219159
