"","BLUE_ID_2019_4","BLUE_WA_2018_3","BLUE_WA_2019_5"
"BLUE_ID_2019_4",7.12914818836991,8.2645312325557,5.90141156105373
"BLUE_WA_2018_3",8.2645312325557,18.8738291557643,12.3015389523353
"BLUE_WA_2019_5",5.90141156105373,12.3015389523353,8.78409702247748
