"","BLUE_ID_2018_1","BLUE_ID_2019_1","BLUE_OR_2018_1","BLUE_OR_2019_1","BLUE_WA_2018_1","BLUE_WA_2019_1"
"BLUE_ID_2018_1",0.70006035222911,0.248069511313921,0.193962397367862,0.208542664861491,0.0920586591972566,0.206976145425574
"BLUE_ID_2019_1",0.248069511313921,1.06642506539085,0.541837579547119,0.583080372929761,0.15279966344655,0.563437212274415
"BLUE_OR_2018_1",0.193962397367862,0.541837579547119,1.35676336713563,0.464916160939153,0.302767066808797,0.475656965992519
"BLUE_OR_2019_1",0.208542664861491,0.583080372929761,0.464916160939153,0.499395949774166,0.316003959756739,0.509588260162664
"BLUE_WA_2018_1",0.0920586591972566,0.15279966344655,0.302767066808797,0.316003959756739,2.08269701541082,0.597197451647367
"BLUE_WA_2019_1",0.206976145425574,0.563437212274415,0.475656965992519,0.509588260162664,0.597197451647367,0.560081416638533
