env,component,std.error,z.ratio
ID_2019_4,0.455924637428379,0.0700186446869527,6.51147475742752
OR_2018_3,2.10140909877461,0.227439864253821,9.23940535081159
OR_2019_4,4.27720342267636,0.474324150549796,9.0174692090179
OR_2020_4,1.66365894582995,0.197756374806076,8.41266911097744
WA_2018_3,0.666504286048703,0.0981504716215354,6.79063763054261
WA_2019_5,2.44736513889385,0.289681903224237,8.44845712367262
WA_2020_5,1.26461268536238,0.189237249870408,6.68268370116563
